PRAGMA foreign_keys=OFF;
BEGIN TRANSACTION;
CREATE TABLE d1_migrations(
		id         INTEGER PRIMARY KEY AUTOINCREMENT,
		name       TEXT UNIQUE,
		applied_at TIMESTAMP DEFAULT CURRENT_TIMESTAMP NOT NULL
);
INSERT INTO d1_migrations VALUES(1,'0001_initial_schema.sql','2026-06-09 08:27:35');
INSERT INTO d1_migrations VALUES(2,'0002_v4_departments_positions.sql','2026-06-09 09:37:41');
INSERT INTO d1_migrations VALUES(3,'0003_v5_tenant_scope_and_first_login.sql','2026-06-09 12:58:05');
CREATE TABLE _cf_METADATA (
        key INTEGER PRIMARY KEY,
        value BLOB
      );
INSERT INTO _cf_METADATA VALUES(2,8585);
CREATE TABLE tenants (
  id TEXT PRIMARY KEY,
  name TEXT NOT NULL,
  color TEXT NOT NULL DEFAULT '#0066cc',
  created_at DATETIME DEFAULT CURRENT_TIMESTAMP
);
INSERT INTO tenants VALUES('WYLIE','와일리','#0066cc','2026-06-09 08:27:38');
INSERT INTO tenants VALUES('LUSH','러쉬코리아','#1d1d1f','2026-06-09 08:27:38');
CREATE TABLE users (
  id INTEGER PRIMARY KEY AUTOINCREMENT,
  tenant_id TEXT NOT NULL,
  email TEXT UNIQUE NOT NULL,
  password TEXT NOT NULL,
  name TEXT NOT NULL,
  department TEXT,
  position TEXT,
  phone TEXT,
  role TEXT NOT NULL DEFAULT 'member', 
  status TEXT NOT NULL DEFAULT 'active', 
  avatar_color TEXT DEFAULT '#7a7a7a',
  created_at DATETIME DEFAULT CURRENT_TIMESTAMP, is_first_login INTEGER NOT NULL DEFAULT 0,
  FOREIGN KEY (tenant_id) REFERENCES tenants(id)
);
INSERT INTO users VALUES(1,'WYLIE','admin@wylie.co.kr','ac9689e2272427085e35b9d3e3e8bed88cb3434828b43b86fc0596cad4c6e270','마스터 관리자 (WYLIE)',NULL,NULL,NULL,'admin','active','#0066cc','2026-06-09 08:27:38',0);
INSERT INTO users VALUES(15,'LUSH','admin@lush.co.kr','ac9689e2272427085e35b9d3e3e8bed88cb3434828b43b86fc0596cad4c6e270','관리자 (LUSH)',NULL,NULL,NULL,'admin','active','#1d1d1f','2026-06-09 12:58:14',0);
INSERT INTO users VALUES(16,'WYLIE','test@wylie.co.kr','ac9689e2272427085e35b9d3e3e8bed88cb3434828b43b86fc0596cad4c6e270','테스트 사원',NULL,NULL,NULL,'member','active','#facc15','2026-06-09 13:01:38',1);
INSERT INTO users VALUES(17,'WYLIE','bhmoon@wylie.co.kr','831c237928e6212bedaa4451a514ace3174562f6761f6a157a2fe5082b36e2fb','Moon',NULL,NULL,NULL,'member','active','#06b6d4','2026-06-09 13:22:22',0);
INSERT INTO users VALUES(18,'WYLIE','2@wylie.co.kr','831c237928e6212bedaa4451a514ace3174562f6761f6a157a2fe5082b36e2fb','2@wylie.co.kr',NULL,NULL,NULL,'member','active','#06b6d4','2026-06-10 02:18:16',0);
INSERT INTO users VALUES(20,'WYLIE','bmim@wylie.co.kr','831c237928e6212bedaa4451a514ace3174562f6761f6a157a2fe5082b36e2fb','임보미','컨버전스1본부','GM',NULL,'member','active','#ef4444','2026-06-10 02:49:06',1);
INSERT INTO users VALUES(21,'WYLIE','jpark@wylie.co.kr','831c237928e6212bedaa4451a514ace3174562f6761f6a157a2fe5082b36e2fb','박준','컨버전스1본부','GL',NULL,'admin','active','#0066cc','2026-06-10 02:49:35',1);
INSERT INTO users VALUES(22,'LUSH','2@lush.co.kr','831c237928e6212bedaa4451a514ace3174562f6761f6a157a2fe5082b36e2fb','2',NULL,NULL,NULL,'member','active','#8b5cf6','2026-06-10 04:01:28',0);
CREATE TABLE spaces (
  id INTEGER PRIMARY KEY AUTOINCREMENT,
  name TEXT NOT NULL,
  type TEXT NOT NULL, 
  capacity INTEGER DEFAULT 0,
  color TEXT DEFAULT '#0066cc',
  count_in_limit INTEGER DEFAULT 1, 
  display_order INTEGER DEFAULT 0,
  created_at DATETIME DEFAULT CURRENT_TIMESTAMP
, tenant_scope TEXT DEFAULT NULL);
INSERT INTO spaces VALUES(1,'Meeting Room A','meeting_room',8,'#ef4444',1,1,'2026-06-09 08:27:38',NULL);
INSERT INTO spaces VALUES(2,'Meeting Room B','meeting_room',8,'#f59e0b',1,2,'2026-06-09 08:27:38',NULL);
INSERT INTO spaces VALUES(3,'Meeting Room C','meeting_room',8,'#10b981',1,3,'2026-06-09 08:27:38',NULL);
INSERT INTO spaces VALUES(4,'Meeting Room D','meeting_room',8,'#0066cc',1,4,'2026-06-09 08:27:38',NULL);
INSERT INTO spaces VALUES(5,'Meeting Room E','meeting_room',8,'#8b5cf6',1,5,'2026-06-09 08:27:38',NULL);
INSERT INTO spaces VALUES(6,'Lounge','common_space',80,'#7a7a7a',0,6,'2026-06-09 08:27:38',NULL);
INSERT INTO spaces VALUES(7,'Recharging Zone','common_space',1,'#7a7a7a',0,7,'2026-06-09 08:27:38',NULL);
INSERT INTO spaces VALUES(8,'5층 회의실','meeting_room',18,'#ec4899',0,8,'2026-06-09 12:34:49','WYLIE');
INSERT INTO spaces VALUES(9,'파라다이스룸','meeting_room',4,'#0066cc',0,9,'2026-06-09 13:25:31','LUSH');
CREATE TABLE recurring_rules (
  id INTEGER PRIMARY KEY AUTOINCREMENT,
  frequency TEXT NOT NULL, 
  end_type TEXT NOT NULL, 
  end_date TEXT,
  end_count INTEGER,
  created_at DATETIME DEFAULT CURRENT_TIMESTAMP
);
INSERT INTO recurring_rules VALUES(1,'weekly','count',NULL,5,'2026-06-09 08:28:35');
INSERT INTO recurring_rules VALUES(2,'weekly','date','2026-07-09',10,'2026-06-09 09:13:56');
INSERT INTO recurring_rules VALUES(3,'weekly','count','2026-07-10',2,'2026-06-10 01:39:03');
INSERT INTO recurring_rules VALUES(4,'weekly','count','2026-07-10',2,'2026-06-10 01:43:45');
INSERT INTO recurring_rules VALUES(5,'daily','count',NULL,3,'2026-06-10 02:05:20');
INSERT INTO recurring_rules VALUES(6,'weekly','count','2026-07-10',3,'2026-06-10 02:29:09');
CREATE TABLE reservations (
  id INTEGER PRIMARY KEY AUTOINCREMENT,
  tenant_id TEXT NOT NULL,
  user_id INTEGER NOT NULL,
  space_id INTEGER NOT NULL,
  title TEXT NOT NULL DEFAULT '새로운 일정',
  date TEXT NOT NULL, 
  start_time TEXT NOT NULL, 
  end_time TEXT NOT NULL, 
  attendees TEXT, 
  recurring_rule_id INTEGER,
  created_by_admin INTEGER DEFAULT 0, 
  status TEXT DEFAULT 'confirmed', 
  created_at DATETIME DEFAULT CURRENT_TIMESTAMP,
  updated_at DATETIME DEFAULT CURRENT_TIMESTAMP,
  FOREIGN KEY (tenant_id) REFERENCES tenants(id),
  FOREIGN KEY (user_id) REFERENCES users(id),
  FOREIGN KEY (space_id) REFERENCES spaces(id),
  FOREIGN KEY (recurring_rule_id) REFERENCES recurring_rules(id)
);
INSERT INTO reservations VALUES(1,'WYLIE',1,1,'[PPD] 유동원 컨설팅','2026-06-09','10:40','12:00',NULL,NULL,1,'cancelled','2026-06-09 08:27:38','2026-06-09 08:27:38');
INSERT INTO reservations VALUES(5,'WYLIE',1,5,'월간 전사 회의','2026-06-10','15:00','17:00',NULL,NULL,1,'cancelled','2026-06-09 08:27:38','2026-06-09 08:27:38');
INSERT INTO reservations VALUES(11,'WYLIE',1,4,'전사 회의','2026-06-09','16:00','17:00',NULL,NULL,1,'cancelled','2026-06-09 08:28:19','2026-06-09 08:28:19');
INSERT INTO reservations VALUES(13,'WYLIE',1,5,'주간보고','2026-06-16','09:00','10:00',NULL,1,1,'cancelled','2026-06-09 08:28:35','2026-06-09 08:28:35');
INSERT INTO reservations VALUES(14,'WYLIE',1,5,'주간보고','2026-06-23','09:00','10:00',NULL,1,1,'cancelled','2026-06-09 08:28:35','2026-06-09 08:28:35');
INSERT INTO reservations VALUES(15,'WYLIE',1,5,'주간보고','2026-06-30','09:00','10:00',NULL,1,1,'cancelled','2026-06-09 08:28:35','2026-06-09 08:28:35');
INSERT INTO reservations VALUES(16,'WYLIE',1,5,'주간보고','2026-07-07','09:00','10:00',NULL,1,1,'confirmed','2026-06-09 08:28:35','2026-06-09 08:28:35');
INSERT INTO reservations VALUES(17,'WYLIE',1,5,'주간보고','2026-07-14','09:00','10:00',NULL,1,1,'confirmed','2026-06-09 08:28:35','2026-06-09 08:28:35');
INSERT INTO reservations VALUES(18,'WYLIE',1,2,'새로운 일정','2026-06-09','09:30','10:30',NULL,2,1,'cancelled','2026-06-09 09:13:56','2026-06-09 09:13:56');
INSERT INTO reservations VALUES(19,'WYLIE',1,2,'새로운 일정','2026-06-16','09:30','10:30',NULL,2,1,'cancelled','2026-06-09 09:13:56','2026-06-09 09:13:56');
INSERT INTO reservations VALUES(20,'WYLIE',1,2,'새로운 일정','2026-06-23','09:30','10:30',NULL,2,1,'cancelled','2026-06-09 09:13:56','2026-06-09 09:13:56');
INSERT INTO reservations VALUES(21,'WYLIE',1,2,'새로운 일정','2026-06-30','09:30','10:30',NULL,2,1,'cancelled','2026-06-09 09:13:56','2026-06-09 09:13:56');
INSERT INTO reservations VALUES(22,'WYLIE',1,2,'새로운 일정','2026-07-07','09:30','10:30',NULL,2,1,'confirmed','2026-06-09 09:13:56','2026-06-09 09:13:56');
INSERT INTO reservations VALUES(24,'WYLIE',1,3,'새로운 일정','2026-06-09','04:00','06:30',NULL,NULL,1,'cancelled','2026-06-09 09:32:20','2026-06-09 09:32:20');
INSERT INTO reservations VALUES(25,'WYLIE',1,4,'새로운 일정','2026-06-09','03:30','07:00',NULL,NULL,1,'cancelled','2026-06-09 09:32:22','2026-06-09 09:32:22');
INSERT INTO reservations VALUES(26,'WYLIE',1,5,'새로운 일정','2026-06-09','03:30','07:30',NULL,NULL,1,'cancelled','2026-06-09 09:32:24','2026-06-09 09:32:24');
INSERT INTO reservations VALUES(27,'WYLIE',1,6,'새로운 일정','2026-06-09','03:30','07:30',NULL,NULL,1,'cancelled','2026-06-09 09:32:25','2026-06-09 09:32:25');
INSERT INTO reservations VALUES(28,'WYLIE',1,8,'WYLIE 회의','2026-06-20','10:00','11:00',NULL,NULL,1,'confirmed','2026-06-09 13:01:56','2026-06-09 13:01:56');
INSERT INTO reservations VALUES(29,'WYLIE',1,2,'새로운 일정','2026-06-09','03:00','03:30',NULL,NULL,1,'confirmed','2026-06-09 13:20:49','2026-06-09 13:20:49');
INSERT INTO reservations VALUES(30,'WYLIE',1,3,'새로운 일정','2026-06-09','03:30','04:00',NULL,NULL,1,'confirmed','2026-06-09 13:20:51','2026-06-09 13:20:51');
INSERT INTO reservations VALUES(31,'WYLIE',1,4,'새로운 일정','2026-06-09','03:30','04:00',NULL,NULL,1,'confirmed','2026-06-09 13:20:53','2026-06-09 13:20:53');
INSERT INTO reservations VALUES(32,'WYLIE',17,2,'새로운 일정','2026-06-09','04:30','05:00',NULL,NULL,0,'cancelled','2026-06-09 13:23:01','2026-06-09 13:23:50');
INSERT INTO reservations VALUES(33,'WYLIE',17,3,'새로운 일정','2026-06-09','05:00','05:30',NULL,NULL,0,'cancelled','2026-06-09 13:23:03','2026-06-09 13:23:03');
INSERT INTO reservations VALUES(34,'WYLIE',17,4,'새로운 일정','2026-06-09','05:00','05:30',NULL,NULL,0,'cancelled','2026-06-09 13:23:04','2026-06-09 13:23:04');
INSERT INTO reservations VALUES(35,'WYLIE',17,5,'새로운 일정','2026-06-09','05:00','05:30',NULL,NULL,0,'cancelled','2026-06-09 13:23:06','2026-06-09 13:23:06');
INSERT INTO reservations VALUES(36,'WYLIE',17,2,'새로운 일정','2026-06-09','05:30','06:00',NULL,NULL,0,'cancelled','2026-06-09 13:23:09','2026-06-09 13:23:09');
INSERT INTO reservations VALUES(37,'LUSH',15,3,'새로운 일정','2026-06-09','04:00','04:30',NULL,NULL,1,'confirmed','2026-06-09 13:24:29','2026-06-09 13:24:29');
INSERT INTO reservations VALUES(38,'LUSH',15,4,'새로운 일정','2026-06-09','04:30','05:00',NULL,NULL,1,'confirmed','2026-06-09 13:24:31','2026-06-09 13:24:31');
INSERT INTO reservations VALUES(39,'LUSH',15,4,'새로운 일정','2026-06-09','04:00','04:30',NULL,NULL,1,'confirmed','2026-06-09 13:24:39','2026-06-09 13:24:39');
INSERT INTO reservations VALUES(40,'LUSH',15,5,'새로운 일정','2026-06-09','04:30','05:00',NULL,NULL,1,'confirmed','2026-06-09 13:24:40','2026-06-09 13:24:40');
INSERT INTO reservations VALUES(41,'LUSH',15,5,'새로운 일정','2026-06-09','04:00','04:30',NULL,NULL,1,'confirmed','2026-06-09 13:24:42','2026-06-09 13:24:42');
INSERT INTO reservations VALUES(42,'LUSH',15,4,'새로운 일정','2026-06-09','08:00','08:30',NULL,NULL,1,'confirmed','2026-06-09 13:24:47','2026-06-09 13:24:47');
INSERT INTO reservations VALUES(43,'LUSH',15,3,'새로운 일정','2026-06-09','07:00','07:30',NULL,NULL,1,'confirmed','2026-06-09 13:24:48','2026-06-09 13:24:48');
INSERT INTO reservations VALUES(44,'LUSH',15,5,'새로운 일정','2026-06-09','06:00','06:30',NULL,NULL,1,'confirmed','2026-06-09 13:24:51','2026-06-09 13:24:51');
INSERT INTO reservations VALUES(45,'LUSH',15,9,'새로운 일정','2026-06-09','11:30','12:00',NULL,NULL,1,'confirmed','2026-06-09 13:25:46','2026-06-09 13:25:46');
INSERT INTO reservations VALUES(46,'WYLIE',1,2,'새로운 일정','2026-06-10','02:00','08:00',NULL,NULL,1,'confirmed','2026-06-10 00:37:44','2026-06-10 00:37:44');
INSERT INTO reservations VALUES(47,'WYLIE',1,1,'V6-4 라우팅 테스트','2026-06-20','14:00','15:00',NULL,NULL,1,'confirmed','2026-06-10 01:08:23','2026-06-10 01:08:23');
INSERT INTO reservations VALUES(48,'WYLIE',1,8,'새로운 일정','2026-06-10','10:00','10:30',NULL,3,1,'cancelled','2026-06-10 01:39:03','2026-06-10 01:39:03');
INSERT INTO reservations VALUES(49,'WYLIE',1,8,'새로운 일정','2026-06-17','10:00','10:30',NULL,3,1,'cancelled','2026-06-10 01:39:03','2026-06-10 01:39:03');
INSERT INTO reservations VALUES(50,'WYLIE',1,3,'새로운 일정','2026-06-10','10:30','11:00',NULL,4,1,'confirmed','2026-06-10 01:43:45','2026-06-10 01:43:53');
INSERT INTO reservations VALUES(51,'WYLIE',1,3,'새로운 일정','2026-06-17','10:30','11:00',NULL,4,1,'confirmed','2026-06-10 01:43:45','2026-06-10 01:43:45');
INSERT INTO reservations VALUES(52,'WYLIE',1,1,'V7 일괄 적용 완료','2026-06-15','11:00','12:00',NULL,5,1,'cancelled','2026-06-10 02:05:20','2026-06-10 02:05:20');
INSERT INTO reservations VALUES(53,'WYLIE',1,1,'V7 일괄 적용 완료','2026-06-16','11:00','12:00',NULL,5,1,'cancelled','2026-06-10 02:05:20','2026-06-10 02:05:20');
INSERT INTO reservations VALUES(54,'WYLIE',1,1,'V7 일괄 적용 완료','2026-06-17','11:00','12:00',NULL,5,1,'cancelled','2026-06-10 02:05:20','2026-06-10 02:05:20');
INSERT INTO reservations VALUES(55,'WYLIE',18,3,'새로운 일정','2026-06-10','02:00','08:00',NULL,NULL,0,'confirmed','2026-06-10 02:18:55','2026-06-10 02:18:55');
INSERT INTO reservations VALUES(56,'WYLIE',18,4,'새로운 일정','2026-06-10','02:00','08:00',NULL,NULL,0,'confirmed','2026-06-10 02:18:58','2026-06-10 02:18:58');
INSERT INTO reservations VALUES(57,'WYLIE',18,1,'새로운 일정','2026-06-10','08:00','09:00',NULL,NULL,0,'confirmed','2026-06-10 02:19:43','2026-06-10 02:19:43');
INSERT INTO reservations VALUES(58,'WYLIE',18,2,'새로운 일정','2026-06-10','08:00','09:00',NULL,NULL,0,'confirmed','2026-06-10 02:19:45','2026-06-10 02:19:45');
INSERT INTO reservations VALUES(59,'WYLIE',18,3,'새로운 일정','2026-06-10','08:00','09:00',NULL,NULL,0,'confirmed','2026-06-10 02:19:47','2026-06-10 02:20:14');
INSERT INTO reservations VALUES(60,'WYLIE',18,6,'새로운 일정','2026-06-10','02:30','16:30',NULL,NULL,0,'confirmed','2026-06-10 02:19:59','2026-06-10 02:19:59');
INSERT INTO reservations VALUES(61,'WYLIE',18,7,'새로운 일정','2026-06-10','02:30','16:30',NULL,NULL,0,'confirmed','2026-06-10 02:20:02','2026-06-10 02:20:02');
INSERT INTO reservations VALUES(62,'LUSH',15,4,'새로운 일정','2026-06-10','08:00','11:30',NULL,NULL,1,'confirmed','2026-06-10 02:22:42','2026-06-10 02:22:42');
INSERT INTO reservations VALUES(63,'LUSH',15,2,'새로운 일정','2026-06-10','09:30','14:30',NULL,NULL,1,'confirmed','2026-06-10 02:22:44','2026-06-10 02:22:44');
INSERT INTO reservations VALUES(64,'LUSH',15,3,'새로운 일정','2026-06-10','11:30','16:30',NULL,NULL,1,'confirmed','2026-06-10 02:22:50','2026-06-10 02:22:50');
INSERT INTO reservations VALUES(65,'LUSH',15,4,'새로운 일정','2026-06-10','12:00','17:30',NULL,NULL,1,'confirmed','2026-06-10 02:22:52','2026-06-10 02:22:52');
INSERT INTO reservations VALUES(66,'LUSH',15,5,'새로운 일정','2026-06-10','02:30','10:30',NULL,6,1,'cancelled','2026-06-10 02:29:09','2026-06-10 02:29:09');
INSERT INTO reservations VALUES(67,'LUSH',15,5,'새로운 일정','2026-06-17','02:30','10:30',NULL,6,1,'cancelled','2026-06-10 02:29:09','2026-06-10 02:29:09');
INSERT INTO reservations VALUES(68,'LUSH',15,5,'새로운 일정','2026-06-24','02:30','10:30',NULL,6,1,'cancelled','2026-06-10 02:29:09','2026-06-10 02:29:09');
CREATE TABLE sessions (
  token TEXT PRIMARY KEY,
  user_id INTEGER NOT NULL,
  expires_at DATETIME NOT NULL,
  created_at DATETIME DEFAULT CURRENT_TIMESTAMP,
  FOREIGN KEY (user_id) REFERENCES users(id)
);
INSERT INTO sessions VALUES('beb8e9a9bc38aa323b1d41b1919cde129bce533fe1b4260d4137abb3a9dad28a',1,'2026-06-16T08:28:00.948Z','2026-06-09 08:28:00');
INSERT INTO sessions VALUES('75f3918c0c285ccf5298a91bff3ff295902b427a1e1cdc1424fe79b6c6a9eaaa',1,'2026-06-16T09:00:26.861Z','2026-06-09 09:00:26');
INSERT INTO sessions VALUES('e96f4613f34f5dad5f101adfa71e22e5eeb0dcedf61286305e8c2e134d942f25',1,'2026-06-16T09:02:21.328Z','2026-06-09 09:02:21');
INSERT INTO sessions VALUES('0c1d6c189145d95843a5e49636eade0038c0025b9791b5e3335802009f6a9b93',1,'2026-06-16T09:02:32.568Z','2026-06-09 09:02:32');
INSERT INTO sessions VALUES('e18d80c59f71c7b6fe7cd2b3b53bba5b2ce541fa788d7f62824a6f278a738e45',1,'2026-06-16T09:09:36.607Z','2026-06-09 09:09:36');
INSERT INTO sessions VALUES('1b71820fe851d98a522f2c1ddda30d1338d8044536c71d3b9038c6081c3356e1',1,'2026-06-16T09:11:30.323Z','2026-06-09 09:11:30');
INSERT INTO sessions VALUES('ca6fd0cf94e5603e52655a7555b5f9d07adb72ed9626ad5a1b427a608eed0a43',1,'2026-06-16T09:12:21.031Z','2026-06-09 09:12:21');
INSERT INTO sessions VALUES('f24dc3614936777b4895f0bd9a4f5a550f2b026830783cc304cd354ade402f9b',1,'2026-06-16T09:12:38.966Z','2026-06-09 09:12:38');
INSERT INTO sessions VALUES('43f83733d95a932c679b665341be71b7fde8abb9205c6d90e9d211fc630e355a',1,'2026-06-16T09:12:53.759Z','2026-06-09 09:12:53');
INSERT INTO sessions VALUES('6f041b64df295926ae40eddae15a987c14723848cf2b2769e71291fd11b13b3b',1,'2026-06-16T09:13:12.004Z','2026-06-09 09:13:12');
INSERT INTO sessions VALUES('8066f9f63ae94d052d347b327e409cced82d160ead14873654283d240708033e',1,'2026-06-16T09:13:27.570Z','2026-06-09 09:13:27');
INSERT INTO sessions VALUES('440b6d4a1248f8ec5cc447875114c150f2c250598834c6de9c03031ce0120eb3',1,'2026-06-16T09:56:28.538Z','2026-06-09 09:56:28');
INSERT INTO sessions VALUES('f83a9c2090277a2e655ca31c553ea668c224b4cc472967adbb77512ef7562aea',1,'2026-06-16T09:57:53.679Z','2026-06-09 09:57:53');
INSERT INTO sessions VALUES('30ae8c8e801282ac20659d8d559458fe89968b47d02416730d70796b6ce9ef7c',1,'2026-06-16T09:58:16.509Z','2026-06-09 09:58:16');
INSERT INTO sessions VALUES('8e3697876f828fd74427a7ffb3b19d213d349e9ae9ba338723872725ac8ea719',1,'2026-06-16T09:58:17.038Z','2026-06-09 09:58:17');
INSERT INTO sessions VALUES('d9668c7a24923fba5a04c43a5c227ba4de289c26af1d7e98ae051b10b84e9b60',1,'2026-06-16T09:58:17.170Z','2026-06-09 09:58:17');
INSERT INTO sessions VALUES('d27392c3d82e6064de62b829f470f8b10cd56d7a9af1b9e750c9e70ce1f19a9d',1,'2026-06-16T12:18:52.356Z','2026-06-09 12:18:52');
INSERT INTO sessions VALUES('df91110f3166f80f0e2059f0a418008fb0a0ad183619f7b283b1eb517f2cd75d',15,'2026-06-16T12:59:12.899Z','2026-06-09 12:59:12');
INSERT INTO sessions VALUES('c724847ff6df558e646129b9916182434f635be17f18d6fd139f9a4c331c2b7a',1,'2026-06-16T12:59:13.152Z','2026-06-09 12:59:13');
INSERT INTO sessions VALUES('b283e38f0669e0339b7b3d42c562cc18a6f31e45495496e64d2aec89ad5afae7',16,'2026-06-16T13:01:44.317Z','2026-06-09 13:01:44');
INSERT INTO sessions VALUES('007548e439c81175a2245ced5317a32b9a4445d9a3138446ecac012c14c959e4',16,'2026-06-16T13:01:56.731Z','2026-06-09 13:01:56');
INSERT INTO sessions VALUES('9ee516526b73e1cf481613facb0d7057080591c6a5a36b3dd0d0bcda15b10199',16,'2026-06-16T13:02:30.857Z','2026-06-09 13:02:30');
INSERT INTO sessions VALUES('0479baba84922aa9e76148d9f59baa42f6d9d9be7f310e54f155509a2ae9b1c9',1,'2026-06-16T13:02:30.935Z','2026-06-09 13:02:30');
INSERT INTO sessions VALUES('1615a49a985e921ded3a3617fc963277c1c52afb20c1962f6e4186cee8be7e1b',15,'2026-06-16T13:02:33.014Z','2026-06-09 13:02:33');
INSERT INTO sessions VALUES('84d327175be5666584d9aabced4420cb51837b2a91b11381227ec5cd962fc95e',1,'2026-06-17T00:33:21.655Z','2026-06-10 00:33:21');
INSERT INTO sessions VALUES('0639cdcf2bd0dfcf263522522d25c26b16d0b81b12516df873198f1e74610cb4',1,'2026-06-17T00:36:40.315Z','2026-06-10 00:36:40');
INSERT INTO sessions VALUES('0b071299760edb15de7a026f2341c71c92549dea09bee479a02e5d4ccebaf832',1,'2026-06-17T00:57:34.971Z','2026-06-10 00:57:35');
INSERT INTO sessions VALUES('108894024cd4a9138768bd064f53e8f805418ed612004784516e7ddc6b5b3136',15,'2026-06-17T00:57:35.188Z','2026-06-10 00:57:35');
INSERT INTO sessions VALUES('e3d0101661a1896ce981804ee33eced1fe19387b3a5180f44748be123e2e5c6d',1,'2026-06-17T01:07:27.426Z','2026-06-10 01:07:27');
INSERT INTO sessions VALUES('f637841eb535eee0ab61ecadb3c1ccf55706031b5698e33884589e041479a346',1,'2026-06-17T01:07:47.132Z','2026-06-10 01:07:47');
INSERT INTO sessions VALUES('185e31bb58e93f0747e7146aca53c87f804be1fa337db576d0f8222a014252a1',15,'2026-06-17T01:07:47.719Z','2026-06-10 01:07:47');
INSERT INTO sessions VALUES('6552247fa101f6dd60856959f23949e2bb8844a707355ad456975e99ed7bd984',1,'2026-06-17T01:07:47.804Z','2026-06-10 01:07:47');
INSERT INTO sessions VALUES('d01cb0335a95a8576fb7fe99b6fce7a08bff8de59c2d3ef769ea15ee6a870f1e',1,'2026-06-17T01:08:03.476Z','2026-06-10 01:08:03');
INSERT INTO sessions VALUES('1ed08df52c3696b9fbe5b15b876a49a8a5fc030d397aec265afa411e013f7393',1,'2026-06-17T01:10:21.790Z','2026-06-10 01:10:21');
INSERT INTO sessions VALUES('a1417fa9dfa03cfdada227da0de8b17cef747f785d195ba856f83cdef2eee3bb',15,'2026-06-17T01:10:22.480Z','2026-06-10 01:10:22');
INSERT INTO sessions VALUES('516900c176dddc072aa87bd1958e9b54220ec6ff826d53c340086f926e9adcf7',1,'2026-06-17T01:26:39.127Z','2026-06-10 01:26:39');
INSERT INTO sessions VALUES('0bdf2f05d1c60dcaf17ea03654bb9f6a04fe516fa2bd0662a8c7d94e9a0a6cb1',1,'2026-06-17T01:26:39.173Z','2026-06-10 01:26:39');
INSERT INTO sessions VALUES('fd0a793164bca4bfaa8f6226cdece5bb1a80005260cfe75d1da195174e76ccd5',1,'2026-06-17T01:26:39.949Z','2026-06-10 01:26:39');
INSERT INTO sessions VALUES('c288254b9b97d3796963f455faab7ac80db2f82923e120fea54708a0db3ad744',1,'2026-06-17T01:26:40.079Z','2026-06-10 01:26:40');
INSERT INTO sessions VALUES('f857bd1acedade5ab660e019a384618a6b74c4b122609ebcc525093580232f99',1,'2026-06-17T02:04:24.039Z','2026-06-10 02:04:24');
INSERT INTO sessions VALUES('4990e27b1ddede019ec977897ca98ba4b022cc7e1f284f2f87d72b14499088ad',1,'2026-06-17T02:47:59.296Z','2026-06-10 02:47:59');
INSERT INTO sessions VALUES('1a742949023abea5b47a14beb242a5158f0f8468cfeecf9de06b5e302fa5cd21',1,'2026-06-17T03:46:30.815Z','2026-06-10 03:46:30');
INSERT INTO sessions VALUES('53af4b26420dcb1027a0455203fb58d1fb7a435efc404a6ed398e0f16a3eb81d',1,'2026-06-17T04:02:24.023Z','2026-06-10 04:02:24');
INSERT INTO sessions VALUES('0b7294e2543adb8a17218ff471da59bed70b1fef10c133764aa712d8f7c3a5d3',15,'2026-06-17T04:02:58.163Z','2026-06-10 04:02:58');
CREATE TABLE departments (
  id INTEGER PRIMARY KEY AUTOINCREMENT,
  tenant_id TEXT NOT NULL,
  name TEXT NOT NULL,
  display_order INTEGER DEFAULT 0,
  created_at DATETIME DEFAULT CURRENT_TIMESTAMP,
  FOREIGN KEY (tenant_id) REFERENCES tenants(id),
  UNIQUE(tenant_id, name)
);
INSERT INTO departments VALUES(6,'WYLIE','컨버전스1본부',1,'2026-06-10 03:36:02');
CREATE TABLE positions (
  id INTEGER PRIMARY KEY AUTOINCREMENT,
  tenant_id TEXT NOT NULL,
  name TEXT NOT NULL,
  display_order INTEGER DEFAULT 0,
  created_at DATETIME DEFAULT CURRENT_TIMESTAMP,
  FOREIGN KEY (tenant_id) REFERENCES tenants(id),
  UNIQUE(tenant_id, name)
);
INSERT INTO positions VALUES(2,'WYLIE','GM',1,'2026-06-10 03:36:06');
INSERT INTO positions VALUES(3,'WYLIE','GL',2,'2026-06-10 03:36:11');
INSERT INTO positions VALUES(4,'WYLIE','그룹잘',3,'2026-06-10 03:36:22');
DELETE FROM sqlite_sequence;
INSERT INTO sqlite_sequence VALUES('d1_migrations',3);
INSERT INTO sqlite_sequence VALUES('spaces',9);
INSERT INTO sqlite_sequence VALUES('users',22);
INSERT INTO sqlite_sequence VALUES('reservations',68);
INSERT INTO sqlite_sequence VALUES('recurring_rules',6);
INSERT INTO sqlite_sequence VALUES('departments',6);
INSERT INTO sqlite_sequence VALUES('positions',4);
CREATE INDEX idx_users_tenant_id ON users(tenant_id);
CREATE INDEX idx_users_email ON users(email);
CREATE INDEX idx_reservations_date_space ON reservations(date, space_id);
CREATE INDEX idx_reservations_user_id ON reservations(user_id);
CREATE INDEX idx_reservations_tenant_id ON reservations(tenant_id);
CREATE INDEX idx_reservations_status ON reservations(status);
CREATE INDEX idx_sessions_user_id ON sessions(user_id);
CREATE INDEX idx_departments_tenant ON departments(tenant_id);
CREATE INDEX idx_positions_tenant ON positions(tenant_id);
COMMIT;
